,movieId,电影名称,导演,主演,地区,片长
0,10266,相声大电影之我要幸福,张鹤栾,郭德纲,中国大陆,92分钟
0,10287,嘻哈英熊,王琦,林强,中国大陆,86分钟
0,10313,我说的都是真的,刘仪伟,小沈阳,中国大陆,99分钟
0,10323,星球大战：最后的绝地武士,莱恩,黛茜·雷德利,美国,152分钟
0,10331,西游记女儿国,郑保瑞,郭富城,中国大陆,116分钟
0,47656,小萝莉的猴神大叔,卡比尔,萨尔曼,印度,141分钟
0,94864,路过未来,李睿珺,杨子姗,中国大陆,129分钟
0,94870,心理罪之城市之光,徐纪周,邓超,中国大陆,124分钟
0,94873,断片之险途夺宝,罗登,葛优,中国大陆,95分钟
0,94882,神探狗笨吉,布兰登,加布里埃尔·贝特曼,美国,87分钟
0,94891,无问西东,李芳芳,章子怡,中国大陆,138分钟
0,94898,泡菜爱上小龙虾,虞军豪,金基范,中国大陆,100分钟
0,94906,芳华,冯小刚,黄轩,中国大陆,136分钟
0,94925,幸福马上来,冯巩,冯巩,中国大陆,91分钟
0,94959,狄仁杰之四大天王,徐克,赵又廷,中国大陆,132分钟
0,94973,机器之血,张立嘉,成龙,中国大陆,110分钟
0,94983,谜巢,金波,李冰冰,中国大陆,91分钟
0,95021,金蝉脱壳2,史蒂芬,西尔维斯特·史泰龙,美国,93分钟
0,95024,营救汪星人,梁婷,成毅,中国大陆,105分钟
0,95034,二代妖精之今生有幸,肖洋,冯绍峰,中国大陆,110分钟
0,95067,玲珑井,海鹏,宋睿,中国大陆,81分钟
0,95080,暮光巴黎,万沥方,玛丽·布奈尔,中国大陆,91分钟
0,95088,赛尔号大电影6：圣者无敌,王章俊,罗玉婷,中国大陆,98分钟
0,95089,红海行动,林超贤,张译,中国大陆,138分钟
0,41845,龙凤斗,杜琪峰,郑秀文,中国香港,91分钟
0,95125,我不是药神,文牧野,徐峥,中国大陆,117分钟
0,95126,战神纪,哈斯朝鲁,陈伟霆,中国大陆,119分钟
0,39841,阿飞正传,王家卫,张国荣,中国香港,94分钟
0,95142,摇滚小子,段玉宝,安琥,中国大陆,96分钟
0,95150,旗袍先生,王择谚,王煜,中国大陆,93分钟
0,95152,泡芙小姐,张歆艺,张歆艺,中国大陆,96分钟
0,95154,巨额来电,彭顺,陈学冬,中国大陆,123分钟
0,95155,马戏之王,迈克尔,休·杰克曼,美国,106分钟
0,95157,醉佳导演,武圣基,贺军翔,中国大陆,89分钟
0,95167,灵魂当铺之时间典当,刘赫尧,姚奕辰,中国大陆,86分钟
0,95175,暴裂无声,忻钰坤,宋洋,中国大陆,120分钟
0,95191,环太平洋：雷霆再起,斯蒂文,约翰·波耶加,美国,111分钟
0,95210,昨日青空,奚超,苏尚卿,中国大陆,85分钟
0,95221,深海越狱,帕夏,尚格·云顿,美国,104分钟
0,95225,唐人街探案2,陈思诚,王宝强,中国大陆,120分钟
0,95227,反贪风暴3,林德禄,古天乐,中国大陆,97分钟
0,95250,小马宝莉大电影,杰森,奥卓·阿杜巴,美国,100分钟
0,95251,解忧杂货店,韩杰,王俊凯,中国大陆,109分钟
0,95258,超时空同居,苏伦,雷佳音,中国大陆,90分钟
0,95260,七十七天,赵汉唐,江一燕,中国大陆,115分钟
0,95264,虎皮萌企鹅,大卫,Paul,法国,97分钟
0,95271,卧底巨星,谷德昭,陈奕迅,中国大陆,98分钟
0,95278,东方快车谋杀案,肯尼思,肯尼思·布拉纳,美国,114分钟
0,95280,新乌龙院之笑闹江湖,朱延平,吴孟达,中国大陆,103分钟
0,95284,胖子行动队,包贝尔,文章,中国大陆,109分钟
0,95285,幕后玩家,任鹏远,徐峥,中国大陆,114分钟
0,95289,妖铃铃,吴君如,吴君如,中国大陆,88分钟
0,37949,狗十三,曹保平,张雪迎,中国大陆,121分钟
0,95294,妈妈咪鸭,赵锐,赵路,中国大陆,90分钟
0,95303,正义联盟,扎克,本·阿弗莱克,美国,120分钟
0,95307,帕丁顿熊2,保罗,本·威士肖,英国,103分钟
0,95308,西小河的夏天,周全,张颂文,中国大陆,102分钟
0,95309,武林怪兽,刘伟强,古天乐,中国大陆,104分钟
0,95310,龙虾刑警,李昕芸,王千源,中国大陆,93分钟
0,76884,一个人的课堂,李军林,孙海英,中国大陆,105分钟
0,95322,寻梦环游记,李,安东尼·冈萨雷斯,美国,105分钟
0,95326,敦煌不了情,郭宜林,林保怡,中国大陆,92分钟
0,95327,北平以北,艾辛,,中国大陆,99分钟
0,95328,太空救援,克里姆,弗拉季米尔·弗多维琴,俄罗斯,104分钟
0,93288,红高粱,张艺谋,姜文,中国大陆,91分钟
0,95339,奇迹男孩,斯蒂芬,朱莉娅·罗伯茨,美国,114分钟
0,95340,至爱梵高·星空之谜,多洛塔,道格拉斯·布斯,英国,95分钟
0,95344,至暗时刻,乔,加里·奥德曼,英国,125分钟
0,95351,勇敢者游戏：决战丛林,杰克,道恩·强森,美国,119分钟
0,95353,大世界,刘健,朱昌龙,中国大陆,77分钟
0,95355,熊出没·变形记,丁亮,张伟,中国大陆,90分钟
0,95362,咕噜咕噜美人鱼2,杨广福,丁莹莹,中国大陆,92分钟
0,95368,圣诞奇妙公司,阿兰,阿兰·夏巴,法国,99分钟
0,95369,时空偷渡少女,吴琴,王安琪,中国大陆,92分钟
0,95371,古墓丽影：源起之战,罗阿尔,艾丽西卡·维坎德,美国,118分钟
0,95372,头号玩家,史蒂文,泰尔·谢里丹,美国,140分钟
0,95373,狂暴巨兽,布拉德,道恩·强森,美国,108分钟
0,95374,雪怪大冒险,格伦,赞达亚·科尔曼,美国,96分钟
0,95379,时空终点,叶小舟,欧阳佳,中国大陆,95分钟
0,95380,神奇动物：格林德沃之罪,大卫,埃迪·雷德梅恩,美国,134分钟
0,95388,通勤营救,佐米,连姆·尼森,美国,104分钟
0,95389,比得兔,威尔,詹姆斯·柯登,美国,95分钟
0,95390,冰封侠：时空行者,叶伟民,甄子丹,中国大陆,87分钟
0,95391,动物世界,韩延,李易峰,中国大陆,132分钟
0,95392,神秘巨星,阿德瓦,阿米尔·汗,印度,150分钟
0,95393,夺命来电,托德,约翰·库萨克,美国,95分钟
0,95394,地球最后的夜晚,毕赣,汤唯,中国大陆,140分钟
0,95395,无名之辈,饶晓志,陈建斌,中国大陆,108分钟
0,15528,宇宙有爱浪漫同游,陈思行,李昇炫,中国香港,92分钟
0,95401,祖宗十九代,郭德纲,岳云鹏,中国大陆,95分钟
0,95400,金钱世界,雷德利,米歇尔·威廉姆斯,美国,124分钟
0,15531,英雄本色2018,丁晟,王凯,中国大陆,110分钟
0,95405,草戒指,洪一平,洪一平,中国大陆,90分钟
0,95407,邹碧华,,佟瑞欣,中国大陆,88分钟
0,95408,进击的男孩,许添,李艾,中国大陆,94分钟
0,95410,爱的帕斯卡,刘海,许还山,中国大陆,97分钟
0,95413,天籁梦想,张唯,阿旺卓玛,中国大陆,85分钟
0,95414,复仇者联盟3：无限战争,安东尼,乔什·布洛林,美国,150分钟
0,95419,我是你妈,张骁,闫妮,中国大陆,104分钟
0,95422,惊魂七夜,喻彬,曾帅,中国大陆,90分钟
0,95423,凌晨两点半,王静儿,陈美行,中国大陆,86分钟
0,95424,大坏狐狸的故事,本杰明,Guillaume,法国,83分钟
0,95427,梭哈人生,郑来志,谭佑铭,中国大陆,90分钟
0,95431,小猫巴克里,邱立伟,郭馨雅,中国台湾,86分钟
0,95436,移动迷宫3：死亡解药,韦斯,迪伦·奥布莱恩,美国,142分钟
0,95437,公牛历险记,卡洛斯,约翰·塞纳,美国,108分钟
0,95438,苏丹,阿里,萨尔曼,印度,139分钟
0,95439,西北风云,黄璜,余男,中国大陆,98分钟
0,95444,,,,,
0,95445,侏罗纪世界2,胡安,克里斯·帕拉特,美国,128分钟
0,95447,浪矢解忧杂货店,广木隆一,山田凉介,日本,130分钟
0,95450,金龟子,丁实,刘纯燕,中国大陆,77分钟
0,95452,西虹市首富,闫非,沈腾,中国大陆,118分钟
0,95454,五度空间,夏天,邹东孝,中国大陆,88分钟
0,95456,迷镇凶案,乔治,马特·达蒙,美国,105分钟
0,95461,毕业旅行笑翻天,胡圣亚,徐娇,中国大陆,98分钟
0,95463,忌日快乐,克里斯托弗,杰西卡·罗德,美国,96分钟
0,95464,盲·道,李杨,李杨,中国大陆,110分钟
0,95465,尼斯：疯狂的心,罗伯托,格劳瑞·皮尔丝,巴西,109分钟
0,95468,坏爸爸,兰城序,邵兵,中国大陆,92分钟
0,95469,绝命时钟2:22,保罗,米契尔·哈思曼,美国,98分钟
0,95470,24小时：末路重生,布莱恩,伊桑·霍克,美国,92分钟
0,95471,小狗奶瓶,彭力,康潇诺,中国大陆,92分钟
0,95472,人怕出名猪怕壮,彭建伟,沈伐,中国大陆,97分钟
0,95473,三块广告牌,马丁,弗兰西斯·麦克多蒙德,美国,115分钟
0,95476,狗狗的疯狂假期,阿尔伯特,吉尔勒莫罗梅罗,西班牙,90分钟
0,95481,遇见你真好,顾长卫,白客,中国大陆,99分钟
0,95483,道高一丈,姜凯阳,聂远,中国大陆,96分钟
0,95486,无眸之杀,沈嵘,洪秀儿,中国大陆,82分钟
0,95489,S4侠降魔记,李克龙,刘小光,中国大陆,98分钟
0,95491,无迹可寻,张帆,宋洋,中国大陆,90分钟
0,95492,忠犬大营救,张帆,刘晓晔,中国大陆,90分钟
0,95497,爱在记忆消逝前,保罗,海伦·米伦,意大利,112分钟
0,95498,猫与桃花源,王微,李宇峰,中国大陆,105分钟
0,95500,家,刘红梅,何弘宇,中国大陆,99分钟
0,95501,黑豹,瑞恩,查德维克·博斯曼,美国,135分钟
0,95504,暹罗决：九神战甲,甘,卡诺查·曼雅德昂,泰国,104分钟
0,95505,恋爱回旋,石川淳一,新垣结衣,日本,119分钟
0,95506,影,张艺谋,邓超,中国大陆,118分钟
0,95508,莫斯科陷落,费多尔,伊琳娜·斯达森保姆,俄罗斯,119分钟
0,95512,黑暗迷宫,温河,聂远,中国大陆,97分钟
0,95514,碟中谍6：全面瓦解,克里斯托夫,汤姆·克鲁斯,美国,148分钟
0,95517,花滑女王,奥列格,阿格莱亚·塔拉索娃,俄罗斯,90分钟
0,95518,飞鸟历险记,克里斯蒂安,克里斯汀·芭伦斯基,法国,91分钟
0,95519,悲伤逆流成河,落落,赵英博,中国大陆,105分钟
0,95520,潜艇总动员：海底两万里,申宇,,中国大陆,75分钟
0,95521,萌犬好声音,罗伯特,麦肯兹·莫斯,加拿大,92分钟
0,95523,翻滚吧姐妹,王钲,冯铭潮,中国大陆,87分钟
0,95526,邪不压正,姜文,姜文,中国大陆,137分钟
0,95530,记忆折叠,张博维,颜卓灵,中国大陆,85分钟
0,95531,大闹西游,马系海,孙晔,中国大陆,98分钟
0,95534,李茶的姑妈,吴昱翰,黄才伦,中国大陆,113分钟
0,95535,后来的我们,刘若英,井柏然,中国大陆,120分钟
0,95536,水形物语,吉尔摩,莎莉·霍金斯,美国,123分钟
0,95537,冰雪女王3：火与冰,阿列克谢,Jason,俄罗斯,90分钟
0,95539,风语咒,刘阔,路知行,中国大陆,105分钟
0,95542,厉害了，我的国,卫铁,,中国大陆,90分钟
0,95543,脱单告急,柯孟融,董子健,中国大陆,101分钟
0,95544,米花之味,鹏飞,英泽,中国大陆,95分钟
0,95549,出山记,焦波,,中国大陆,98分钟
0,95550,起跑线,萨基特,伊尔凡·可汗,印度,131分钟
0,95555,巨齿鲨,乔,杰森·斯坦森,美国,113分钟
0,95557,印度合伙人,,阿克谢·库玛尔,印度,134分钟
0,95558,午夜幽灵,李耀东,宫哲,中国大陆,79分钟
0,95559,魔镜奇缘2,陈设,,中国大陆,77分钟
0,95562,绿毛怪格林奇,亚罗,本尼迪克特·康伯巴奇,美国,90分钟
0,95564,犬之岛,韦斯,布莱恩·科兰斯顿,美国,102分钟
0,95565,摩天营救,罗森,道恩·强森,美国,102分钟
0,95566,大三儿,佟晟嘉,,中国大陆,102分钟
0,95567,脱皮爸爸,司徒慧焯,吴镇宇,中国大陆,103分钟
0,95568,第三度嫌疑人,是枝裕和,福山雅治,日本,125分钟
0,38226,玛雅蜜蜂历险记,亚历克斯,杰姬·韦弗,德国,88分钟
0,95571,低压槽：欲望之城,张家辉,张家辉,中国大陆,112分钟
0,95572,血十三,李聆聪,黄璐,中国大陆,99分钟
0,95573,猛虫过江,小沈阳,小沈阳,中国大陆,99分钟
0,95574,泄密者,邱礼涛,吴镇宇,中国香港,102分钟
0,95577,玛丽与魔女之花,米林宏昌,杉咲花,日本,103分钟
0,95579,亲爱的，我要和别人结婚了,覃杰,保剑锋,中国大陆,90分钟
0,95580,清水里的刀子,王学博,马子善,中国大陆,93分钟
0,95582,湮灭,亚力克斯,娜塔莉·波特曼,美国,114分钟
0,95584,理想之路,柯宙,史洪波,中国大陆,88分钟
0,95586,黄金花,陈大利,毛舜筠,中国大陆,91分钟
0,95587,深海历险记,,张璐,美国,95分钟
0,95589,哆啦A梦：大雄的金银岛,今井一晓,水田山葵,日本,109分钟
0,95591,镰仓物语,山崎贵,堺雅人,日本,120分钟
0,95592,阿里巴巴三根金发,蒋叶峰,,中国大陆,82分钟
0,95593,战犬瑞克斯,加芙列拉,凯特·玛拉,美国,116分钟
0,95595,小公主艾薇拉与神秘王国,罗洋,,中国大陆,78分钟
0,95598,香港大营救,刘一君,成泰燊,中国大陆,95分钟
0,95599,冰封迷案,唐宇,李桓,中国大陆,95分钟
0,95600,求求你爱上我,董春泽,姜涛,中国大陆,102分钟
0,95601,午夜十二点,张孝爽,谭佑铭,中国大陆,87分钟
0,64880,流浪猫鲍勃,罗杰,鲁塔·盖德敏塔斯,英国,103分钟
0,95603,寂静之地,约翰,艾米莉·布朗特,美国,90分钟
0,95609,破门,徐耿,马顺洗,中国大陆,104分钟
0,95610,荒城纪,徐啸力,李畅,中国大陆,90分钟
0,95611,一出好戏,黄渤,黄渤,中国大陆,134分钟
0,95612,光影之战,,连诗雅,中国大陆,96分钟
0,95613,尖叫直播,周英男,文松,中国大陆,101分钟
0,95614,昼颜,西谷弘,上户彩,日本,125分钟
0,95616,爱猫之城,杰达,布朗特·乌斯塔曼,土耳其,79分钟
0,95618,凤凰城遗忘录,,Jeanine,美国,87分钟
0,95619,新大头儿子和小头爸爸3：俄罗斯奇遇记,何澄,刘纯燕,中国大陆,80分钟
0,95620,神秘世界历险记4,王云飞,阎么么,中国大陆,85分钟
0,95621,巴霍巴利王2：终结,,帕拉巴斯,印度,141分钟
0,95622,让我怎么相信你,梁青儿,梁天,中国大陆,88分钟
0,95623,擒贼先擒王,李相国,,中国大陆,90分钟
0,95627,因果启示录,王陆涛,王姬,中国大陆,90分钟
0,95628,厕所英雄,什里,阿克谢·库玛尔,印度,150分钟
0,95630,淡蓝琥珀,周劼,王真儿,中国大陆,96分钟
0,95634,青年马克思,拉乌尔,艾力克·高敦,德国,118分钟
0,95635,天下父母,崔守杰,李树生,中国大陆,92分钟
0,95638,毛骨悚然之红衣男孩,孙杰,孙丹丹,中国大陆,86分钟
0,95639,暗夜良人,王俊潾,何乙轩,中国大陆,90分钟
0,95640,爱是永恒,陈烈,史振凯,中国大陆,90分钟
0,95641,恐怖浴室,陆诗雨,张星阑,中国大陆,90分钟
0,95645,给19岁的我自己,黄朝亮,石安妮,中国大陆,98分钟
0,95646,一个人的江湖,喻亢,梁恩,中国大陆,90分钟
0,95648,蓝色金鱼,唐明智,蓝燕,中国大陆,90分钟
0,95649,七号公馆,叶天行,梁小龙,中国大陆,94分钟
0,95650,完美陌生人,保罗,阿尔芭·洛瓦赫,意大利,96分钟
0,95652,爱情公寓,韦正,陈赫,中国大陆,116分钟
0,95653,盯上小偷的贼,成宇兴,刚毅,中国大陆,92分钟
0,95655,游侠索罗：星球大战外传,朗,阿尔登·埃伦瑞奇,美国,135分钟
0,95656,快乐星球之三十六号,张惠民,赵克明,中国大陆,90分钟
0,95660,伊阿索密码,李伟,赵立新,中国大陆,88分钟
0,95661,第七个小矮人,,Otto,德国,87分钟
0,95662,时间暗局,陈亮言,王宇泽,中国大陆,87分钟
0,95663,策反,韦廉,刘端端,中国,115分钟
0,95665,马兰花开,吴双,孔莹虹,中国大陆,91分钟
0,95666,一纸婚约,张辉,张辉,中国大陆,91分钟
0,9651,龙在哪里？,胡陞忠,,中国大陆,97分钟
0,95667,我的宠物恐龙,,Jordan,澳大利亚,88分钟
0,95669,快把我哥带走,郑芬芬,张子枫,中国大陆,115分钟
0,95668,无双,庄文强,周润发,中国大陆,130分钟
0,95670,云南虫谷,非行,蔡珩,中国大陆,110分钟
0,95673,江湖儿女,贾樟柯,赵涛,中国大陆,136分钟
0,95674,超人总动员2,布拉德,格雷格·T·尼尔森,美国,118分钟
0,95675,致命夺宝,冯铁城,于果儿,中国大陆,88分钟
0,95676,疯狂的麻将,孙铁军,张鹰,中国大陆,100分钟
0,95678,别让爱情走弯路,袁春波,李天烨,中国大陆,91分钟
0,95680,天佑之爱,红旗,郭少芸,中国大陆,90分钟
0,95682,肆式青春,李豪凌,白客,中国大陆,90分钟
0,95684,三界,靳斌,李恰,中国大陆,95分钟
0,95685,青春不留白,尹大为,尹大为,中国大陆,98分钟
0,95686,汪星卧底,拉加,娜塔莎·雷昂,美国,92分钟
0,95687,美丽童年,陈静,周诗琪,中国大陆,90分钟
0,95688,细思极恐,张跃斌,韩素媛,中国大陆,90分钟
0,95692,美食大冒险之英雄烩,孙海鹏,孟宇,中国大陆,98分钟
0,95693,姽婳,尚永峰,闫鹿杨,中国大陆,92分钟
0,95694,生存家族,矢口史靖,小日向文世,日本,117分钟
0,95695,找到你,吕乐,姚晨,中国大陆,102分钟
0,95696,监狱犬计划,郭大雷,刘帅良,中国大陆,98分钟
0,95698,旅行吧！井底之蛙,陈设,王雪沁,中国大陆,78分钟
0,95699,惊慌失色之诡寓,齐迹,梁辰羽,中国大陆,86分钟
0,95700,勇敢往事,叶田,赵静,中国大陆,91分钟
0,95701,地下凶猛,李炳,孙强,中国大陆,98分钟
0,95704,蜘蛛侠：平行宇宙,鲍勃,彭昱畅,美国,116分钟
0,95705,最后一球,丹尼拉,丹尼拉·科兹洛夫斯基,俄罗斯,138分钟
0,62938,大导归来,李成儒,李成儒,中国大陆,95分钟
0,95709,兄弟班,陈友,于湉,中国香港,102分钟
0,95710,蚁人2：黄蜂女现身,佩顿,保罗·路德,美国,119分钟
0,95715,惊涛飓浪,巴塔萨,谢琳·伍德蕾,美国,96分钟
0,95716,小悟空,叶伟青,,中国大陆,85分钟
0,95721,淘气大侦探,约翰,约翰尼·德普,英国,86分钟
0,95722,的士速递5,弗兰克,弗兰克·加斯堂彼得,法国,102分钟
0,95725,最后的棒棒,何苦,何苦,中国大陆,98分钟
0,95726,红盾先锋,杨真,由立平,中国大陆,83分钟
0,95730,八只鸡,高建国,方城淞,中国大陆,90分钟
0,95734,解码游戏,李海龙,韩庚,中国大陆,93分钟
0,95736,大师兄,阚家伟,甄子丹,中国香港,100分钟
0,95738,北方一片苍茫,蔡成杰,田天,中国大陆,105分钟
0,95739,您一定不要错过,麦丽丝,崔永元,中国大陆,98分钟
0,95741,冷恋时代,童江南,姚星彤,中国大陆,90分钟
0,95742,禹神传之寻找神力,李金保,王雪沁,中国大陆,80分钟
0,95743,小偷家族,是枝裕和,中川雅也,日本,121分钟
0,95744,格桑花开的时候,姜大伟,修睿,中国大陆,95分钟
0,95745,黑暗深处之惊魂夜,玉素,林潇,中国大陆,92分钟
0,95749,左滩,张智超,张智超,中国大陆,90分钟
0,95751,阿凡提之奇缘历险,刘炜,李扬,中国大陆,85分钟
0,95752,闺蜜的战争,王俊翔,贾石,中国大陆,90分钟
0,95753,男生宿舍,战越,陈楚洹,中国大陆,85分钟
0,95754,天下第一镖局,陶盟喜,樊少皇,中国大陆,90分钟
0,95755,有五个姐姐的我就注定要单身了啊,苏文圣,蔡凡熙,中国台湾,97分钟
0,95757,新灰姑娘,林恩,Cassandra,中国大陆,87分钟
0,95760,萌学园：寻找盘古,李权峰,李昂霖,中国台湾,90分钟
0,95762,足球王者,刘骏,禹祥,中国大陆,90分钟
0,95763,超大号美人,艾比,马克·西尔弗斯坦,美国,110分钟
0,95765,古剑奇谭之流月昭明,雷尼,王力宏,中国大陆,105分钟
0,95766,美丽战争,陈勋奇,谭耀文,中国大陆,113分钟
0,95768,妈妈咪呀2,欧,梅丽尔·斯特里普,美国,114分钟
0,95769,浴血广昌,高峰,张馨,中国大陆,100分钟
0,95770,我来自纽约,张爵西,狄龙,马来西亚,120分钟
0,95773,黄金兄弟,钱嘉乐,郑伊健,中国大陆,100分钟
0,95774,文朝荣,张仲伟,王洛勇,中国大陆,99分钟
0,95775,李保国,赵琦,林永健,中国大陆,100分钟
0,63008,吃货宇宙,陈廖宇,刘思童,中国大陆,89分钟
0,95777,爸，我一定行的,蓝鸿春,郑润奇,中国大陆,100分钟
0,95778,海王,温子仁,杰森·莫玛,美国,143分钟
0,95780,黑子的篮球：终极一战,多田俊介,小野贤章,日本,91分钟
0,95781,精灵旅社3：疯狂假期,格恩迪,亚当·桑德勒,美国,98分钟
0,63014,妖猫传,陈凯歌,黄轩,中国大陆,129分钟
0,95782,疯狂暑期之哈喽怪物,史震飞,许皓勋,中国大陆,99分钟
0,95785,信仰者,杨虎,赵毅,中国大陆,105分钟
0,95786,毒液：致命守护者,鲁本,汤姆·哈迪,美国,107分钟
0,95787,奇怪的袜子精灵,,Jolka,捷克,86分钟
0,63019,恐怖快递,杨振豪,李晨浩,中国大陆,83分钟
0,95789,阿尔法：狼伴归途,艾尔伯特,柯蒂·斯密特,美国,97分钟
0,95790,说走就走之不说再见,张承,牛骏峰,中国大陆,106分钟
0,95791,嗝嗝老师,西达尔特,拉妮·玛克赫吉,印度,117分钟
0,95793,藏北秘岭-重返无人区,饶子君,蔡宇,中国大陆,86分钟
0,95795,那些女人,吴贻弓,何赛飞,中国大陆,114分钟
0,95797,疯狂丑小鸭,郑成峰,王雪沁,中国大陆,81分钟
0,95798,两只小猪之勇闯神秘岛,罗红胜,,中国大陆,80分钟
0,95799,功夫联盟,刘镇伟,赵文卓,中国大陆,102分钟
0,95804,吻隐者,李燕宁,谭卓,中国大陆,108分钟
0,95806,曹操与杨修,滕俊杰,尚长荣,中国大陆,121分钟
0,95807,李学生,王虎,滕艺,中国大陆,100分钟
0,95808,午夜整容室,曹志鹏,赖晶晶,中国大陆,85分钟
0,95809,李宗伟：败者为王,马逸腾,李宗伟,马来西亚,110分钟
0,95810,中国蓝盔,宁海强,徐洪浩,中国大陆,96分钟
0,95811,宝贝儿,刘杰,杨幂,中国大陆,98分钟
0,95812,警车联盟,邓志基,朱祎,中国大陆,88分钟
0,95813,念念手纪,月川翔,北村匠海,日本,116分钟
0,95818,极品师徒,冯万里,战天泽,中国大陆,98分钟
0,95822,传奇的诞生,杰夫,迈克尔·泽姆巴利斯特,美国,107分钟
0,63055,捉妖记2,许诚毅,梁朝伟,中国大陆,110分钟
0,95823,虎胆追凶,伊莱,布鲁斯·威利斯,美国,97分钟
0,95824,哥斯拉：怪兽行星,静野孔文,宫野真守,日本,88分钟
0,95826,古墓兽影,李麒麟,聂远,中国大陆,90分钟
0,95828,铁血战士,沙恩,波伊德·霍布鲁克,美国,106分钟
0,95834,超时空大冒险,李宝坤,,中国大陆,75分钟
0,95835,我要去远方,孙传林,何为,中国大陆,97分钟
0,63067,三国杀·幻,吕柯憬,郑伊健,中国大陆,94分钟
0,95837,天刃,朱丹,许铂岑,中国大陆,96分钟
0,95838,我的间谍前男友,苏珊娜,米拉·库尼斯,美国,117分钟
0,95841,灵魂契约,王辰六,王小岩,中国大陆,89分钟
0,95844,天慕,王强,王挺,中国大陆,99分钟
0,95845,恐龙王,施雅雅,王衡,中国大陆,95分钟
0,95849,天气预爆,肖央,肖央,中国大陆,104分钟
0,95851,迷失的彩虹·古坠归来,和志君,陆莹,中国大陆,94分钟
0,95855,为你写诗,吴克群,吴克群,中国大陆,105分钟
0,95856,破梦游戏,韩琰,陈都灵,中国大陆,104分钟
0,95857,张艺谋和他的“影”,汪鹏,张艺谋,中国大陆,94分钟
0,95860,午夜废墟,胡韵,张圣岳,中国大陆,91分钟
0,95863,你好，之华,岩井俊二,周迅,中国大陆,114分钟
0,95864,梦境之源,柳珂,陈志朋,中国大陆,90分钟
0,95865,冒牌搭档,林子聪,林子聪,中国大陆,86分钟
0,95866,八仙,曹博,,中国大陆,90分钟
0,95867,帝企鹅日记2：召唤,吕克,朗贝尔·维尔森,法国,85分钟
0,95868,超能泰坦,伦纳特,萨姆·沃辛顿,美国,97分钟
0,95869,无敌原始人,尼克,埃迪·雷德梅恩,英国,85分钟
0,95871,阿拉姜色,松太加,容中尔甲,中国大陆,109分钟
0,95872,向阳的日子,张罗平,吴超,中国大陆,97分钟
0,95873,非洲遇见你,崔燕,杨玥,中国大陆,88分钟
0,95875,皮鞋,宋遥平,杨猛,中国大陆,91分钟
0,95876,远去的牧歌,阿迪夏,海拉提·哈利木,中国大陆,94分钟
0,95880,跨越8年的新娘,濑濑敬久,佐藤健,日本,120分钟
0,95884,追鹰日记,杰拉多,让·雷诺,奥地利,98分钟
0,95886,爱不可及,胡野秋,陈育臣,中国大陆,94分钟
0,95887,二十岁,刘畅,于文文,中国大陆,98分钟
0,95888,阴阳眼之瞳灵公馆,张明伟,苑琼丹,中国大陆,85分钟
0,95889,你美丽了我的人生,阎清秀,古丽米娜·麦麦提,中国大陆,91分钟
0,95890,飓风奇劫,罗伯,托比·凯贝尔,美国,103分钟
0,95891,名侦探柯南：零的执行人,立川让,高山南,日本,111分钟
0,95893,摘金奇缘,朱浩伟,吴恬敏,美国,119分钟
0,95896,无敌破坏王2：大闹互联网,瑞奇,约翰·C·赖利,美国,113分钟
0,95897,胡桃夹子和四个王国,拉斯,米斯蒂·科普兰,美国,100分钟
0,95898,滴答屋,伊莱,杰克·布莱克,美国,105分钟
0,95901,“大”人物,五百,王千源,中国大陆,107分钟
0,95903,我的冤家是条狗,曼迪,比蒂·埃德蒙森,英国,95分钟
0,95905,一百年很长吗,萧寒,,中国大陆,106分钟
0,95906,锁,许振华,张燕妮,中国大陆,84分钟
0,95907,两个俏公主,薛玉峥,,中国大陆,89分钟
0,95908,叶问外传：张天志,袁和平,张晋,中国大陆,107分钟
0,95913,台仙魔咒,宋睿,刘书含,中国大陆,81分钟
0,95916,憨豆特工3,大卫,罗温·艾金森,法国,88分钟
0,95917,亡命救赎,让,梅尔·吉布森,法国,88分钟
0,95919,开学悸,高朋,刘颖颖,中国大陆,86分钟
0,95920,奇幻梦之旅,高旭,宋睿,中国大陆,90分钟
0,95921,超萌特攻,许美君,董立范,中国大陆,93分钟
0,95923,最后一公里,李伟,李彦锋,中国大陆,104分钟
0,95924,奶奶的家,陆诗雨,刘未晞,中国大陆,93分钟
0,95930,在天堂等我,王军,李滨,中国大陆,129分钟
0,95931,请你记住我,彭小莲,冯文娟,中国大陆,96分钟
0,95935,正正的世界,孙杰,宁宗元达,中国大陆,95分钟
0,95936,云上日出,熊玮,荣梓杉,中国大陆,102分钟
0,95943,追宝狂想曲,朱维俐,彭波,中国大陆,86分钟
0,95944,克隆人,杰弗利,基努·里维斯,英国,107分钟
0,95946,33号公路,史强,贡米,中国大陆,98分钟
0,95948,爱在归来那一天,杨大田,董晨,中国大陆,92分钟
0,95950,生活万岁,程工,李安甫,中国大陆,94分钟
0,95954,老爸102岁,奥米史,阿米特巴·巴强,印度,102分钟
0,95967,来电狂响,于淼,佟大为,中国大陆,103分钟
0,95969,冥王星时刻,章明,秦海璐,中国大陆,110分钟
0,95980,来日方长,刘德强,孙聪,中国大陆,87分钟
0,95981,夜魔奇案,邵大卫,乔乔,中国大陆,104分钟
0,95983,大唐风云2,杨广福,,中国大陆,90分钟
0,95984,中国合伙人2,刘亚当,赵立新,中国大陆,123分钟
0,95986,网络谜踪,阿尼什,约翰·赵,美国,103分钟
0,95988,四个春天,陆庆屹,李桂贤,中国大陆,105分钟
0,95990,春天的马拉松,夏晓昀,张铎,中国大陆,90分钟
0,95992,轻轻握住你的手,张健伟,郭纬,中国大陆,100分钟
0,9979,寻找罗麦,王超,韩庚,中国大陆,83分钟
0,95995,最萌警探,亚历山大,谢尔盖·加尔马什,俄罗斯,93分钟
0,95996,破天荒,罗金耀,晋松,中国大陆,90分钟
0,95998,龟兔大作战,代长浩,,中国大陆,83分钟
0,96003,天渠,柏麟,侯煜,中国大陆,93分钟
0,96005,照相师,张唯,谢钢,中国大陆,112分钟
0,96006,闽宁镇,董玲,姬他,中国大陆,115分钟
0,9992,闺蜜2,黄真真,陈意涵,中国香港,109分钟
0,96013,印度暴徒,维贾伊,阿米尔·汗,印度,121分钟
0,96020,又是一年三月三,马会雷,刘之冰,中国大陆,95分钟
0,96022,黄大年,成科,张秋歌,中国大陆,89分钟
0,96026,片警宝音,杨瑾,宝音尼木胡,中国大陆,97分钟
0,96032,大路朝天,苗月,陈瑾,中国大陆,120分钟
0,10023,青蛙总动员,杨仁贤,吉静,中国大陆,74分钟
0,12098,命运速递,李非,赵炳锐,中国大陆,93分钟
0,10062,三只小猪2,刘炜,王晓彤,中国大陆,70分钟
0,10070,麦兵兵之夺宝联“萌”,胡鹤译,苗青,中国大陆,87分钟
0,10073,未择之路,唐高鹏,王学兵,中国,113分钟
0,10079,毕业作品,许斌,张一山,中国大陆,86分钟
0,30568,龙猫,宫崎骏,秦岚,日本,86分钟
0,10103,21克拉,何念,郭京飞,中国大陆,96分钟
0,10135,奇葩朵朵,李欣,张若昀,中国大陆,98分钟
0,10164,第一夫人,帕布罗,娜塔丽·波特曼,美国,100分钟
0,10190,前任3：再见前任,田羽生,韩庚,中国大陆,120分钟
0,10191,神奇马戏团之动物饼干,托尼,伊恩·麦克莱恩,美国,90分钟
0,10192,,,,,
0,10193,南极之恋,吴有音,赵又廷,中国大陆,114分钟
0,10195,奇门遁甲,袁和平,董成鹏,中国大陆,113分钟
0,10199,欧洲攻略,马楚成,梁朝伟,中国大陆,100分钟
0,10206,阿修罗,张鹏,吴磊,中国大陆,141分钟
